timestamp,pstate,clocks.current.graphics,clocks.current.memory,temperature.gpu,power.draw,fan.speed,utilization.gpu
2026/09/17 22:19:34.507, P2, 1890, 6801, 39, 61.64, 33, 5
2026/09/17 22:19:36.530, P2, 1890, 6801, 41, 84.04, 35, 100
2026/09/17 22:19:38.557, P2, 1890, 6801, 41, 84.43, 34, 100
2026/09/17 22:19:40.582, P2, 1890, 6801, 41, 84.28, 30, 100
2026/09/17 22:19:42.607, P2, 1890, 6801, 41, 82.95, 34, 100
2026/09/17 22:19:44.632, P2, 1890, 6801, 41, 84.77, 33, 100
2026/09/17 22:19:46.657, P2, 1890, 6801, 42, 87.29, 33, 99
2026/09/17 22:19:48.679, P2, 1890, 6801, 42, 87.87, 33, 99
2026/09/17 22:19:50.702, P2, 1890, 6801, 42, 88.13, 33, 100
2026/09/17 22:19:52.726, P2, 1890, 6801, 42, 85.82, 33, 99
2026/09/17 22:19:54.749, P2, 1890, 6801, 42, 89.08, 33, 99
2026/09/17 22:19:56.773, P2, 1890, 6801, 43, 98.90, 33, 99
2026/09/17 22:19:58.796, P2, 1890, 6801, 43, 97.54, 33, 99
2026/09/17 22:20:00.821, P2, 1890, 6801, 43, 95.99, 33, 99
2026/09/17 22:20:02.845, P2, 1890, 6801, 43, 97.43, 33, 99
2026/09/17 22:20:04.869, P2, 1890, 6801, 43, 99.07, 33, 99
2026/09/17 22:20:06.892, P2, 1890, 6801, 44, 101.12, 33, 99
2026/09/17 22:20:08.915, P2, 1890, 6801, 44, 100.72, 33, 99
2026/09/17 22:20:10.936, P2, 1890, 6801, 44, 100.29, 33, 99
2026/09/17 22:20:12.959, P2, 1890, 6801, 44, 100.66, 33, 99
2026/09/17 22:20:14.981, P2, 1890, 6801, 44, 101.35, 33, 99
2026/09/17 22:20:17.004, P2, 1890, 6801, 44, 102.99, 33, 99
2026/09/17 22:20:19.027, P2, 1890, 6801, 44, 102.29, 33, 99
2026/09/17 22:20:21.049, P2, 1890, 6801, 44, 100.47, 33, 99
2026/09/17 22:20:23.071, P2, 1890, 6801, 44, 99.64, 33, 99
2026/09/17 22:20:25.093, P2, 1890, 6801, 44, 100.31, 33, 99
2026/09/17 22:20:27.116, P2, 1890, 6801, 44, 94.58, 33, 99
2026/09/17 22:20:29.139, P2, 1890, 6801, 44, 91.68, 33, 99
2026/09/17 22:20:31.162, P2, 1890, 6801, 44, 93.15, 33, 99
2026/09/17 22:20:33.184, P2, 1890, 6801, 44, 94.44, 33, 99
2026/09/17 22:20:35.206, P2, 1890, 6801, 45, 96.65, 33, 99
2026/09/17 22:20:37.228, P2, 1890, 6801, 44, 99.32, 33, 99
2026/09/17 22:20:39.251, P2, 1890, 6801, 45, 96.72, 33, 99
2026/09/17 22:20:41.275, P2, 1890, 6801, 45, 98.84, 33, 99
2026/09/17 22:20:43.298, P2, 1890, 6801, 45, 99.25, 33, 99
2026/09/17 22:20:45.320, P2, 1875, 6801, 45, 102.46, 33, 99
2026/09/17 22:20:47.343, P2, 1875, 6801, 45, 108.10, 33, 99
2026/09/17 22:20:49.365, P2, 1875, 6801, 45, 106.99, 33, 99
2026/09/17 22:20:51.388, P2, 1875, 6801, 46, 109.27, 33, 99
2026/09/17 22:20:53.410, P2, 1875, 6801, 46, 108.75, 33, 99
2026/09/17 22:20:55.433, P2, 1875, 6801, 46, 110.85, 33, 99
2026/09/17 22:20:57.455, P2, 1875, 6801, 46, 109.67, 33, 99
2026/09/17 22:20:59.478, P2, 1875, 6801, 46, 109.29, 33, 99
2026/09/17 22:21:01.500, P2, 1875, 6801, 46, 111.54, 33, 99
2026/09/17 22:21:03.523, P2, 1875, 6801, 46, 110.70, 33, 99
2026/09/17 22:21:05.545, P2, 1875, 6801, 46, 108.94, 33, 99
2026/09/17 22:21:07.568, P2, 1875, 6801, 46, 104.71, 33, 99
2026/09/17 22:21:09.590, P2, 1875, 6801, 47, 107.18, 33, 99
2026/09/17 22:21:11.612, P2, 1875, 6801, 46, 105.90, 33, 99
2026/09/17 22:21:13.634, P2, 1875, 6801, 46, 104.75, 33, 99
2026/09/17 22:21:15.657, P2, 1875, 6801, 46, 100.01, 33, 99
2026/09/17 22:21:17.680, P2, 1875, 6801, 45, 92.72, 33, 99
2026/09/17 22:21:19.702, P2, 1875, 6801, 45, 94.38, 33, 99
2026/09/17 22:21:21.725, P2, 1875, 6801, 45, 94.06, 33, 99
2026/09/17 22:21:23.747, P2, 1875, 6801, 45, 92.75, 33, 99
2026/09/17 22:21:25.769, P2, 1875, 6801, 46, 98.84, 33, 99
2026/09/17 22:21:27.792, P2, 1875, 6801, 46, 101.34, 33, 99
2026/09/17 22:21:29.814, P2, 1875, 6801, 46, 104.04, 33, 99
2026/09/17 22:21:31.836, P2, 1875, 6801, 46, 103.20, 33, 99
2026/09/17 22:21:33.858, P2, 1875, 6801, 46, 101.38, 33, 99
2026/09/17 22:21:35.880, P2, 1875, 6801, 49, 118.62, 33, 100
2026/09/17 22:21:37.902, P2, 1905, 6801, 50, 140.28, 33, 100
2026/09/17 22:21:39.924, P2, 1905, 6801, 51, 140.41, 34, 100
2026/09/17 22:21:41.947, P2, 1905, 6801, 51, 140.93, 34, 100
2026/09/17 22:21:43.970, P2, 1905, 6801, 51, 140.35, 35, 100
2026/09/17 22:21:45.993, P2, 1905, 6801, 54, 164.99, 36, 100
2026/09/17 22:21:48.020, P2, 1905, 6801, 54, 166.32, 37, 100
2026/09/17 22:21:50.042, P2, 1905, 6801, 54, 167.56, 38, 100
2026/09/17 22:21:52.065, P2, 1905, 6801, 54, 166.47, 39, 100
2026/09/17 22:21:54.090, P2, 1905, 6801, 55, 167.78, 39, 100
2026/09/17 22:21:56.112, P2, 1905, 6801, 49, 96.38, 41, 99
2026/09/17 22:21:58.134, P2, 1905, 6801, 49, 111.44, 42, 99
2026/09/17 22:22:00.157, P2, 1905, 6801, 48, 100.45, 40, 99
2026/09/17 22:22:02.180, P2, 1905, 6801, 48, 94.13, 36, 99
2026/09/17 22:22:04.202, P2, 1905, 6801, 49, 114.46, 34, 100
2026/09/17 22:22:06.226, P2, 1905, 6801, 53, 150.06, 33, 100
2026/09/17 22:22:08.249, P2, 1905, 6801, 53, 154.31, 35, 100
2026/09/17 22:22:10.272, P2, 1905, 6801, 54, 155.15, 37, 100
2026/09/17 22:22:12.293, P2, 1905, 6801, 54, 154.22, 39, 100
2026/09/17 22:22:14.315, P2, 1905, 6801, 54, 154.68, 39, 100
2026/09/17 22:22:16.337, P2, 1905, 6801, 52, 135.65, 39, 100
2026/09/17 22:22:18.359, P2, 1905, 6801, 52, 134.79, 39, 100
2026/09/17 22:22:20.382, P2, 1905, 6801, 52, 135.04, 39, 100
2026/09/17 22:22:22.404, P2, 1905, 6801, 52, 135.44, 39, 100
2026/09/17 22:22:24.427, P2, 1905, 6801, 52, 135.01, 39, 100
2026/09/17 22:22:26.449, P2, 1905, 6801, 48, 94.01, 39, 99
2026/09/17 22:22:28.476, P2, 1905, 6801, 48, 89.81, 37, 99
2026/09/17 22:22:30.503, P2, 1905, 6801, 48, 89.82, 35, 99
2026/09/17 22:22:32.529, P2, 1905, 6801, 48, 89.92, 34, 99
2026/09/17 22:22:34.554, P2, 1905, 6801, 47, 89.79, 33, 99
2026/09/17 22:22:36.579, P2, 1905, 6801, 48, 99.73, 33, 100
2026/09/17 22:22:38.601, P2, 1905, 6801, 48, 99.72, 33, 100
2026/09/17 22:22:40.624, P2, 1905, 6801, 48, 99.78, 33, 100
2026/09/17 22:22:42.647, P2, 1905, 6801, 48, 99.81, 33, 100
2026/09/17 22:22:44.671, P2, 1905, 6801, 48, 99.62, 33, 100
2026/09/17 22:22:46.695, P2, 1905, 6801, 47, 90.08, 33, 99
2026/09/17 22:22:48.723, P2, 1905, 6801, 47, 89.18, 33, 99
2026/09/17 22:22:50.752, P2, 1905, 6801, 47, 85.73, 33, 99
2026/09/17 22:22:52.781, P2, 1905, 6801, 47, 85.71, 33, 99
2026/09/17 22:22:54.810, P2, 1905, 6801, 47, 85.47, 33, 99
2026/09/17 22:22:56.836, P2, 1905, 6801, 47, 90.75, 33, 99
2026/09/17 22:22:58.860, P2, 1905, 6801, 49, 106.97, 33, 100
2026/09/17 22:23:00.884, P2, 1905, 6801, 48, 99.25, 33, 100
2026/09/17 22:23:02.909, P2, 1905, 6801, 48, 97.17, 34, 100
2026/09/17 22:23:04.935, P2, 1905, 6801, 49, 115.12, 34, 100
2026/09/17 22:23:06.958, P2, 1905, 6801, 53, 157.68, 34, 100
2026/09/17 22:23:08.983, P2, 1905, 6801, 53, 161.96, 36, 100
2026/09/17 22:23:11.010, P2, 1905, 6801, 53, 156.45, 37, 100
2026/09/17 22:23:13.035, P2, 1905, 6801, 53, 152.39, 38, 100
2026/09/17 22:23:15.064, P2, 1905, 6801, 53, 158.06, 39, 100
2026/09/17 22:23:17.093, P2, 1890, 6801, 55, 176.39, 40, 100
2026/09/17 22:23:19.119, P2, 1890, 6801, 55, 175.10, 40, 100
2026/09/17 22:23:21.146, P2, 1890, 6801, 55, 175.33, 40, 100
2026/09/17 22:23:23.173, P2, 1890, 6801, 56, 183.32, 40, 100
2026/09/17 22:23:25.203, P2, 1890, 6801, 56, 175.36, 42, 100
2026/09/17 22:23:27.228, P2, 1890, 6801, 51, 108.64, 44, 100
2026/09/17 22:23:29.251, P2, 1905, 6801, 50, 106.96, 42, 100
2026/09/17 22:23:31.274, P2, 1905, 6801, 50, 106.63, 39, 100
2026/09/17 22:23:33.297, P2, 1905, 6801, 50, 105.38, 37, 100
2026/09/17 22:23:35.325, P2, 1905, 6801, 50, 107.11, 36, 100
2026/09/17 22:23:37.353, P2, 1905, 6801, 53, 153.47, 36, 100
2026/09/17 22:23:39.378, P2, 1905, 6801, 53, 151.80, 37, 100
2026/09/17 22:23:41.402, P2, 1905, 6801, 54, 154.11, 38, 100
2026/09/17 22:23:43.426, P2, 1905, 6801, 54, 150.31, 39, 100
2026/09/17 22:23:45.451, P2, 1905, 6801, 54, 153.55, 39, 100
2026/09/17 22:23:47.475, P2, 1905, 6801, 49, 94.25, 39, 100
2026/09/17 22:23:49.499, P2, 1905, 6801, 49, 94.00, 37, 100
2026/09/17 22:23:51.523, P2, 1905, 6801, 49, 96.26, 36, 100
2026/09/17 22:23:53.547, P2, 1905, 6801, 49, 93.82, 35, 100
2026/09/17 22:23:55.571, P2, 1905, 6801, 49, 94.40, 34, 100
2026/09/17 22:23:57.596, P2, 1905, 6801, 49, 102.42, 34, 100
2026/09/17 22:23:59.620, P2, 1905, 6801, 49, 104.35, 34, 99
2026/09/17 22:24:01.644, P2, 1905, 6801, 49, 103.03, 34, 100
2026/09/17 22:24:03.667, P2, 1905, 6801, 49, 103.12, 34, 100
2026/09/17 22:24:05.690, P2, 1905, 6801, 49, 102.32, 34, 100
2026/09/17 22:24:07.715, P2, 1905, 6801, 48, 93.73, 34, 100
2026/09/17 22:24:09.739, P2, 1905, 6801, 48, 93.57, 34, 100
2026/09/17 22:24:11.765, P2, 1905, 6801, 48, 94.03, 34, 100
2026/09/17 22:24:13.790, P2, 1905, 6801, 48, 93.53, 34, 100
2026/09/17 22:24:15.815, P2, 1905, 6801, 49, 94.06, 34, 100
2026/09/17 22:24:17.839, P2, 1905, 6801, 49, 100.01, 34, 99
2026/09/17 22:24:19.862, P2, 1905, 6801, 49, 98.70, 34, 99
2026/09/17 22:24:21.885, P2, 1905, 6801, 48, 98.91, 34, 100
2026/09/17 22:24:23.909, P2, 1905, 6801, 48, 98.93, 34, 99
2026/09/17 22:24:25.933, P2, 1905, 6801, 49, 99.06, 34, 100
2026/09/17 22:24:27.957, P2, 1905, 6801, 49, 103.11, 34, 100
2026/09/17 22:24:29.982, P2, 1905, 6801, 49, 103.34, 34, 100
2026/09/17 22:24:32.009, P2, 1905, 6801, 49, 105.61, 34, 99
2026/09/17 22:24:34.033, P2, 1905, 6801, 49, 103.48, 34, 100
